{"apple":{"bleedingedge:item/blood_apple":2},"diamond_hoe":{"scythes:item/diamond_scythe":2},"ender_eye":{"bleedingedge:item/blood_eye":2},"golden_hoe":{"scythes:item/blood_scythe":2,"scythes:item/golden_scythe":3},"iron_hoe":{"scythes:item/iron_scythe":2,"scythes:item/cloud_scythe":3,"scythes:item/golem_scythe":4},"netherite_hoe":{"scythes:item/netherite_scythe":2},"ominous_trial_key":{"vaulted-end:item/ominous_elytra_key":2},"stone_hoe":{"scythes:item/stone_scythe":2},"structure_void":{"polydex:sgui/elements/back":2,"polydex:sgui/elements/next_page":3,"polydex:sgui/elements/previous_page":4,"polydex:sgui/elements/flame":5,"polydex:sgui/elements/xp":6,"polydex:sgui/elements/page":7},"tipped_arrow":{"scythes:item/turtle_scythe":2,"scythes:item/gunpowder_scythe":3,"scythes:item/suspicious_scythe":4,"scythes:item/golem_scythe":5,"scythes:item/ender_scythe":6,"scythes:item/border_scythe":7,"scythes:item/growth_scythe":8},"trial_key":{"vaulted-end:item/elytra_key":2},"wooden_hoe":{"scythes:item/wooden_scythe":2}}