{"parent":"item/generated","textures":{"layer0":"item/tipped_arrow_head","layer1":"item/tipped_arrow_base"},"overrides":[{"model":"scythes:item/turtle_scythe","predicate":{"custom_model_data":2}},{"model":"scythes:item/gunpowder_scythe","predicate":{"custom_model_data":3}},{"model":"scythes:item/suspicious_scythe","predicate":{"custom_model_data":4}},{"model":"scythes:item/golem_scythe","predicate":{"custom_model_data":5}},{"model":"scythes:item/ender_scythe","predicate":{"custom_model_data":6}},{"model":"scythes:item/border_scythe","predicate":{"custom_model_data":7}},{"model":"scythes:item/growth_scythe","predicate":{"custom_model_data":8}}]}